fold,partition,rows,positives,start,end
1,train,2835888,952,2022-09-01,2022-09-03 23:59:00
1,val,282476,291,2022-09-04,2022-09-04 23:59:00
1,evaluation,657396,370,2022-09-05,2022-09-05 23:59:00
2,train,3118364,1243,2022-09-01,2022-09-04 23:59:00
2,val,657396,370,2022-09-05,2022-09-05 23:59:00
2,evaluation,657169,380,2022-09-06,2022-09-06 23:59:00
3,train,3775760,1613,2022-09-01,2022-09-05 23:59:00
3,val,657169,380,2022-09-06,2022-09-06 23:59:00
3,evaluation,658502,368,2022-09-07,2022-09-07 23:59:00
