day,rows,positives,TP,FP,FN,alerts,precision,recall,alert_rate
2022-09-09 00:00:00,756002.0,316.0,70.0,49.0,246.0,119.0,0.5882352941176471,0.22151898734177214,0.00015740699098679633
2022-09-10 00:00:00,282877.0,301.0,75.0,56.0,226.0,131.0,0.5725190839694656,0.24916943521594684,0.0004630988026598133
2022-09-11 00:00:00,77.0,47.0,36.0,3.0,11.0,39.0,0.9230769230769231,0.7659574468085106,0.5064935064935064
2022-09-13 00:00:00,48.0,29.0,18.0,1.0,11.0,19.0,0.9473684210526315,0.6206896551724138,0.3958333333333333
2022-09-12 00:00:00,48.0,27.0,19.0,5.0,8.0,24.0,0.7916666666666666,0.7037037037037037,0.5
2022-09-14 00:00:00,31.0,18.0,12.0,1.0,6.0,13.0,0.9230769230769231,0.6666666666666666,0.41935483870967744
2022-09-15 00:00:00,9.0,6.0,4.0,0.0,2.0,4.0,1.0,0.6666666666666666,0.4444444444444444
2022-09-16 00:00:00,7.0,5.0,4.0,0.0,1.0,4.0,1.0,0.8,0.5714285714285714
2022-09-17 00:00:00,3.0,2.0,2.0,0.0,0.0,2.0,1.0,1.0,0.6666666666666666
